y,k,f,M, 
y,a,f,Y, 
m,h,p,R, 
i,n,s,C,1
y,b,b,J, 
s,f,m,H, 
y,l,c,H, 
y,l,c,I, 
y,b,e,Z, 
y,b,f,K, 
y,b,h,D, 
g,s,i,A, 
l,o,l,A, 
p,q,i,C, 
h,s,p,Q, 
r,l,m,I, 
c,b,d,X, 
y,m,f,L, 
y,m,g,I, 
y,m,g,J, 
y,c,g,N, 
c,h,a,C, 
y,c,h,O, 
t,p,r, , 
y,c,i,Y, 
y,c,i,X, 
y,c,i,Z, 
i,n,s,C,1
h,r,p,A, 
o,p,g,D, 
h,i,c,B, 
y,n,c,L, 
y,d,d,G, 
y,d,d,M, 
d,o,s,C, 
y,n,e,M, 
y,d,g,U, 
r,s,t,A, 
n,e,m,R, 
y,n,h,F, 
f,a,d,K, 
y,n,i,D, 
c,e,d,A, 
y,n,j,C, 
y,e,b,F, 
f,l,h,D, 
a,r,a,H, 
y,e,e,J, 
i,n,s,C,1
y,e,e,X, 
r,c,s,C, 
y,p,a,A, 
a,r,n,B, 
n,u,o,N, 
n,u,o,G, 
n,u,o,C, 
f,a,d,L, 
y,f,d,P, 
i,n,t,Z, 
y,f,f,N, 
y,f,f,Q, 
y,f,f,S, 
y,p,f,M, 
y,p,h,A, 
t,a,d,A, 
y,f,i,M, 
y,p,j,D, 
y,f,j,D, 
i,n,s,C,1
y,q,g,B, 
y,g,i,B, 
i,n,s,C,1
p,a,t,A, 
y,g,j,R, 
y,h,a,O, 
t,d,c,D, 
g,a,r,K, 
g,a,r,R, 
p,n,p, , 
y,h,j,C, 
b,i,s,C, 
n,e,p,I, 
t,i,s,B, 
y,i,e,L, 
y,i,f,B, 
w,e,c,D, 
m,o,b,B, 
y,i,h,A, 
y,i,h,P, 
y,i,i,E, 
a,r,g,B, 
f,a,b,R, 
y,j,b,T, 
y,j,b,S, 
y,t,c,A, 
y,t,f,T, 
i,n,s,C,1
y,j,i,K, 
s,y,m,E, 
y,j,j,B, 
y,t,j,A, 
c,y,n,R, 
u,o,f, , 
y,t,h,A, 
t,h,r,L, 
t,h,r,A, 
t,h,r,B, 
t,h,r,C, 
y,a,a,X, 
y,a,a,A, 
y,a,a,J, 
t,a,l,B, 
m,o,g, , 
s,a,t,P, 
y,a,a,W, 
y,a,a,I, 
d,n,a,K, 
d,n,a,J, 
i,n,s,L,1
m,o,k,C, 
n,h,a,A, 
n,h,a,R, 
i,n,s,B,1
i,n,s,A, 
r,p,s,T, 
y,a,a,Y, 
r,i,b,F, 
i,l,e,S, 
l,s,p,A, 
f,k,p,B, 
i,s,p,H, 
r,i,h,C, 
d,a,p,B, 
c,a,r,A, 
c,a,r,B, 
c,a,i,B, 
c,a,i,A, 
c,a,i,T, 
f,i,x,B, 
f,i,x,C, 
f,i,x,X, 
y,a,a,U, 
k,e,f,F, 
k,e,f,C, 
f,o,l,A, 
a,p,a,H, 
a,p,a,G, 
r,s,m,A, 
p,d,x,A, 
s,u,r,A, 
l,p,t,D, 
d,j,l,A, 
r,l,u,A, 
r,a,p,A, 
p,o,l,B, 
a,r,a,D, 
a,r,a,A, 
a,r,a,B, 
a,r,a,C, 
y,a,b,I, 
t,h,i,Q, 
t,h,i,P, 
t,h,i,B, 
s,g,r,R, 
l,e,u,D, 
l,e,u,C, 
l,e,u,A, 
l,e,u,L, 
i,l,v,H, 
c,r,a, , 
m,r,a,Z, 
r,s,m,H, 
f,t,s,L, 
f,t,s,I, 
m,u,r,E, 
m,u,r,F, 
m,r,a,Y, 
m,u,r,D, 
f,t,s,W, 
m,u,r,G, 
m,u,r,C, 
d,d,l,B, 
f,t,s,Q, 
f,t,s,A, 
f,t,s,Z, 
l,p,x,C, 
s,e,c,A, 
m,u,t,T, 
y,a,c,G, 
z,a,p,D, 
c,o,a,E, 
g,u,a,C, 
h,o,f,C, 
h,o,f,B, 
p,p,d,D, 
n,a,d,C, 
a,m,p,D, 
a,m,p,E, 
a,r,o,P, 
p,d,h,R, 
a,c,e,E, 
a,c,e,F, 
l,p,d, , 
y,a,c,H, 
a,c,n,B, 
s,p,e,D, 
s,p,e,E, 
c,u,e,O, 
g,c,d, , 
c,a,n, , 
y,a,d,G, 
y,a,d,H, 
y,a,d,I, 
y,a,d,E, 
p,a,n,D, 
y,a,d,D, 
p,a,n,C, 
p,a,n,B, 
y,a,d,C, 
y,a,d,K, 
y,a,d,L, 
h,t,r,E, 
y,a,d,V, 
y,a,d,N, 
f,o,l,K, 
d,k,s,A, 
s,f,s,A, 
m,r,c,B, 
f,h,u,A, 
f,h,u,C, 
f,h,u,D, 
f,h,u,B, 
h,e,m,L, 
c,l,c,A, 
e,r,p,A, 
y,a,d,S, 
b,t,u,F, 
m,t,n, , 
d,g,t, , 
d,e,g,P, 
y,a,e,H, 
d,a,p,D, 
g,l,n,D, 
m,a,p, , 
r,p,s,B, 
t,s,f, , 
p,y,r,H, 
f,r,r, , 
d,x,r, , 
i,s,p,U, 
r,s,e,P, 
b,a,m,A, 
s,k,p, , 
l,p,x,D, 
f,a,b,Z, 
l,p,x,A, 
l,p,x,B, 
r,n,h,B, 
d,n,a,E, 
a,c,c,A, 
l,d,c,C, 
t,i,l,S, 
y,a,e,Q, 
a,r,f,B, 
n,l,p,E, 
p,r,o,S, 
t,s,a,A, 
r,c,s,F, 
m,e,t,Q, 
m,e,t,I, 
m,e,t,N, 
g,m,h,B, 
d,k,g,B, 
y,a,f,C, 
y,a,f,D, 
y,a,f,E, 
m,l,t,D, 
g,l,o,B, 
r,n,h,A, 
d,n,a,Q, 
y,a,f,T, 
y,a,f,V, 
i,v,y, , 
g,m,h,A, 
y,a,f,J, 
y,a,f,K, 
y,a,f,Q, 
d,i,n,J, 
y,a,f,L, 
r,a,y,T, 
d,i,n,B, 
y,a,f,N, 
y,a,f,O, 
y,a,f,P, 
p,e,p,D, 
g,p,t, , 
f,r,s,A, 
p,h,o,E, 
p,r,o,B, 
p,r,o,A, 
y,k,f,I, 
y,a,f,W, 
y,k,f,G, 
y,a,f,X, 
y,k,f,F, 
y,k,f,B, 
p,e,r,R, 
i,n,s,I,1
i,n,s,H,1
m,m,u,M, 
i,n,s,B,1
i,n,s,A, 
y,a,g,A, 
y,a,g,F, 
y,a,g,G, 
y,a,g,H, 
y,a,g,I, 
a,r,g,F, 
i,n,s,B,1
i,n,s,A, 
y,a,g,K, 
y,a,g,L, 
y,a,g,M, 
y,a,g,N, 
i,n,t,F, 
p,a,o,D, 
p,a,o,C, 
p,a,o,B, 
p,a,o,A, 
y,a,g,U, 
y,k,g,J, 
e,c,p,D, 
e,c,p,C, 
e,c,p,B, 
e,c,p,A, 
e,c,p,R, 
y,k,g,L, 
y,k,g,M, 
i,n,s,F,1
r,c,l,R, 
y,k,g,E, 
y,k,g,F, 
y,k,g,H, 
b,e,t,A, 
b,e,t,B, 
b,e,t,T, 
y,a,h,A, 
y,a,h,B, 
y,a,h,C, 
y,a,h,D, 
y,a,h,E, 
y,a,h,F, 
y,a,h,G, 
y,a,h,I, 
y,a,h,J, 
y,a,h,K, 
y,a,h,L, 
y,a,h,N, 
y,a,h,O, 
p,r,p,R, 
p,r,p,B, 
p,r,p,C, 
p,r,p,D, 
p,r,p,E, 
c,o,d,B, 
c,o,d,A, 
c,y,n,T, 
c,y,n,S, 
c,y,n,X, 
l,a,c,A, 
l,a,c,Y, 
l,a,c,Z, 
m,h,p,A, 
m,h,p,B, 
m,h,p,F, 
m,h,p,E, 
f,r,m,B, 
f,r,m,A, 
y,a,i,O, 
i,n,s,D,1
y,a,i,P, 
t,a,u,B, 
t,a,u,C, 
t,a,u,D, 
i,n,s,F,1
a,m,p,H, 
s,b,m,A, 
y,a,i,W, 
y,a,i,Y, 
d,d,l,A, 
i,r,a,P, 
y,a,i,C, 
p,r,o,C, 
a,r,o,L, 
y,a,i,A, 
a,r,o,M, 
y,a,i,E, 
r,d,g,C, 
s,b,c,C, 
s,b,c,D, 
p,h,o,B, 
p,h,o,R, 
b,r,n,Q, 
p,r,o,Y, 
a,c,p,H, 
q,u,e,A, 
t,g,t, , 
y,a,j,C, 
s,e,c,D, 
s,e,c,F, 
y,a,j,D, 
t,s,x, , 
n,r,d,R, 
r,i,b,D, 
r,i,b,E, 
n,u,s,B, 
t,h,i,L, 
p,g,p,A, 
d,x,s, , 
i,s,p,A, 
x,s,e,B, 
t,h,i,I, 
p,a,n,E, 
c,y,o,E, 
c,y,o,D, 
c,y,o,C, 
c,y,o,B, 
c,y,o,A, 
a,m,p,G, 
t,i,g, , 
c,l,p,P, 
c,l,p,X, 
l,o,n, , 
h,u,p,B, 
p,p,i,D, 
y,b,a,V, 
f,a,d,M, 
q,u,e,C, 
y,b,a,E, 
m,d,l,A, 
m,d,l,B, 
g,l,n,K, 
a,m,t,B, 
t,e,s,B, 
y,b,a,Z, 
y,b,a,A, 
m,a,a, , 
h,h,a, , 
t,o,m,B, 
a,c,r,B, 
a,c,r,A, 
a,c,r,R, 
m,s,c,K, 
y,b,a,M, 
p,r,i,C, 
y,b,a,N, 
a,p,t, , 
d,n,a,X, 
y,b,a,B, 
r,e,c,R, 
h,t,p,G, 
a,d,k, , 
h,e,m,H, 
a,e,s, , 
g,s,k, , 
y,b,a,L, 
f,s,r, , 
u,s,h,A, 
y,b,a,K, 
y,b,a,P, 
c,o,p,A, 
g,l,s,A, 
y,b,a,T, 
c,u,e,R, 
q,m,c,A, 
f,e,t,A, 
y,b,b,O, 
t,e,s,A, 
y,b,b,A, 
y,b,b,P, 
r,h,s,D, 
y,b,b,C, 
m,n,m,H, 
a,l,l,S, 
a,l,l,A, 
a,l,l,R, 
g,c,l, , 
h,y,i, , 
g,l,x,R, 
a,l,l,B, 
g,l,x,K, 
a,l,l,E, 
a,l,l,C, 
a,l,l,D, 
f,d,r,A, 
y,l,b,F, 
y,b,c,F, 
p,u,r,K, 
p,u,r,E, 
l,p,x,H, 
p,p,i,B, 
c,y,s,S, 
y,b,c,I, 
f,o,l,D, 
s,f,m,C, 
s,f,m,D, 
s,f,m,F, 
s,f,m,Z, 
i,n,t,D, 
i,n,s,F,1
e,m,r,E, 
y,b,c,K, 
y,b,c,L, 
y,b,c,M, 
y,b,c,N, 
n,i,n,E, 
y,b,c,O, 
r,u,s,A, 
q,u,u,D, 
i,n,s,H,1
e,s,s,D, 
r,r,r,D, 
r,z,p,D, 
b,o,r,D, 
y,b,c,W, 
n,o,h,D, 
a,p,p,Y, 
o,m,p,T, 
e,n,v,Y, 
y,b,c,H, 
n,f,r,A, 
n,f,r,B, 
c,u,s,S, 
c,u,s,R, 
c,u,s,C, 
c,u,s,F, 
c,u,s,B, 
c,u,s,A, 
p,h,e,P, 
y,b,d,G, 
n,f,s,B, 
y,b,d,F, 
y,b,d,J, 
y,b,d,K, 
i,n,s,L,1
f,e,p,A, 
e,n,t,F, 
f,e,p,E, 
f,e,p,C, 
f,e,p,G, 
f,e,p,D, 
e,n,t,S, 
f,e,p,B, 
e,n,t,C, 
e,n,t,E, 
e,n,t,B, 
e,n,t,A, 
e,n,t,H, 
c,s,t,A, 
y,b,d,H, 
y,b,d,L, 
y,b,d,M, 
y,b,d,N, 
y,b,d,O, 
a,h,p,C, 
u,s,p,G, 
y,b,d,R, 
r,n,k, , 
r,n,a, , 
c,i,t,T, 
c,i,t,G, 
c,i,t,X, 
c,i,t,F, 
c,i,t,D, 
c,i,t,A, 
c,i,t,B, 
d,c,u,C, 
p,a,g,P, 
c,s,p,E, 
f,l,c, , 
t,a,t,E, 
l,i,p,A, 
y,b,e,D, 
d,a,c,A, 
r,l,p,A, 
m,r,d,B, 
m,r,d,A, 
r,l,m,H, 
c,o,b,C, 
n,a,d,D, 
h,o,l,A, 
l,p,t,E, 
l,e,u,S, 
y,b,e,L, 
y,b,e,R, 
d,j,l,B, 
y,b,e,T, 
y,b,e,U, 
d,j,l,C, 
h,s,c,C, 
r,i,h,A, 
g,l,t,L, 
g,l,t,K, 
g,l,t,J, 
g,l,t,I, 
i,n,s,H,1
l,n,t, , 
y,b,e,X, 
y,b,e,Y, 
m,i,a,B, 
u,b,i,F, 
a,s,n,B, 
u,m,p,H, 
n,a,g,C, 
n,a,g,A, 
n,a,g,B, 
n,a,g,E, 
g,l,n,S, 
c,h,i,P, 
c,h,i,Q, 
f,u,r, , 
f,l,d,A, 
y,b,f,F, 
s,e,q,A, 
p,g,m, , 
y,b,f,P, 
p,o,t,E, 
s,p,e,F, 
k,d,p,E, 
k,d,p,D, 
k,d,p,C, 
k,d,p,B, 
k,d,p,A, 
y,b,f,A, 
r,h,s,C, 
y,b,f,B, 
y,b,f,C, 
y,b,f,D, 
y,b,g,A, 
p,h,r, , 
d,t,p,D, 
y,b,g,I, 
y,b,g,J, 
y,b,g,K, 
y,b,g,L, 
n,e,i, , 
y,b,g,P, 
y,b,g,D, 
g,l,t,A, 
s,d,h,C, 
s,d,h,D, 
s,d,h,A, 
s,d,h,B, 
s,u,c,A, 
s,u,c,B, 
s,u,c,C, 
s,u,c,D, 
m,n,g,R, 
m,n,g,A, 
m,n,g,B, 
c,y,d,B, 
y,b,g,E, 
y,b,g,C, 
t,o,l,Q, 
t,o,l,R, 
t,o,l,A, 
t,o,l,B, 
p,a,l, , 
y,b,g,F, 
n,a,d,A, 
p,n,u,C, 
z,i,t,B, 
y,b,g,S, 
a,r,o,G, 
g,p,m,A, 
g,a,l,M, 
g,a,l,K, 
g,a,l,T, 
m,o,d,F, 
m,o,d,E, 
a,c,r,Z, 
m,o,d,A, 
m,o,d,B, 
m,o,d,C, 
y,b,h,A, 
p,g,l, , 
y,b,h,H, 
y,b,h,I, 
y,b,h,C, 
y,b,h,B, 
b,i,o,A, 
b,i,o,B, 
b,i,o,F, 
b,i,o,C, 
b,i,o,D, 
u,v,r,B, 
y,b,h,K, 
m,o,a,A, 
m,o,a,B, 
m,o,a,C, 
m,o,a,D, 
m,o,a,E, 
y,b,h,L, 
y,b,h,M, 
y,b,h,N, 
c,l,s,B, 
y,b,h,P, 
y,b,h,Q, 
y,b,h,R, 
y,b,h,S, 
y,b,h,G, 
r,h,l,E, 
y,b,i,A, 
d,i,n,G, 
y,b,i,B, 
y,b,i,C, 
y,b,i,J, 
y,b,i,I, 
f,i,u, , 
g,l,n,Q, 
g,l,n,P, 
g,l,n,H, 
d,p,s, , 
r,h,t,A, 
o,m,p,X, 
y,b,i,P, 
m,n,t,R, 
y,b,i,R, 
l,d,t,B, 
y,b,i,T, 
y,b,i,U, 
y,b,i,V, 
y,b,i,W, 
m,o,e,B, 
m,o,e,A, 
i,a,a,A, 
g,s,i,B, 
g,s,i,C, 
g,s,i,D, 
y,l,i,E, 
y,l,i,F, 
r,i,m,O, 
b,s,s,R, 
y,l,i,I, 
d,a,c,C, 
d,e,o,R, 
y,b,j,G, 
m,d,f,A, 
y,b,j,H, 
y,b,j,J, 
r,c,d,A, 
y,b,j,L, 
y,b,j,M, 
g,r,x,A, 
y,b,j,C, 
n,f,s,A, 
r,i,m,K, 
y,b,j,N, 
p,o,t,F, 
p,o,t,H, 
p,o,t,I, 
y,b,j,O, 
r,l,m,C, 
a,r,t,J, 
a,r,t,M, 
a,r,t,Q, 
a,r,t,I, 
a,r,t,P, 
y,b,j,P, 
y,b,j,Q, 
a,m,i,D, 
l,t,a,E, 
p,o,x,B, 
h,c,r, , 
a,q,p,Z, 
y,b,j,D, 
y,b,j,X, 
m,a,c,B, 
c,s,p,D, 
c,l,p,S, 
c,l,p,A, 
i,n,f,A, 
a,a,t, , 
c,y,d,C, 
c,y,d,D, 
t,r,x,B, 
l,r,p, , 
f,t,s,K, 
r,a,r,A, 
s,e,r,S, 
d,m,s,B, 
d,m,s,C, 
y,c,a,C, 
y,c,a,D, 
y,c,a,N, 
y,c,a,K, 
p,f,l,A, 
p,f,l,B, 
f,o,c,A, 
y,c,a,P, 
s,e,r,C, 
a,r,o,A, 
c,m,k, , 
r,p,s,A, 
i,h,f,B, 
m,s,b,A, 
l,p,x,K, 
y,c,a,Q, 
y,c,a,R, 
k,d,s,B, 
y,c,b,J, 
y,c,b,C, 
s,m,t,A, 
m,u,k,F, 
m,u,k,B, 
l,d,t,D, 
y,c,b,K, 
y,c,b,L, 
a,s,p,C, 
o,m,p,F, 
a,s,n,S, 
p,n,c,B, 
p,e,p,N, 
s,s,u,B, 
s,s,u,D, 
s,s,u,E, 
e,l,f,D, 
e,l,f,C, 
e,l,f,G, 
y,c,b,U, 
p,y,r,D, 
y,c,b,X, 
r,l,m,L, 
u,u,p, , 
p,q,i,A, 
p,q,i,B, 
r,m,f, , 
f,a,b,A, 
y,c,b,Z, 
m,a,t,P, 
o,m,p,A, 
s,u,l,A, 
s,x,y, , 
y,c,c,F, 
h,e,l,D, 
y,c,c,T, 
y,c,c,X, 
y,c,c,A, 
h,y,a,A, 
h,y,a,B, 
h,y,a,C, 
h,y,a,D, 
h,y,a,E, 
h,y,a,F, 
c,b,d,A, 
c,b,d,B, 
a,p,p,A, 
e,t,k, , 
g,f,c,E, 
g,f,c,D, 
g,f,c,C, 
g,f,c,B, 
i,n,s,B,1
c,s,p,H, 
c,s,p,G, 
y,m,c,E, 
y,c,c,M, 
t,o,r,T, 
t,o,r,R, 
t,o,r,C, 
t,o,r,A, 
t,o,r,D, 
c,b,p,M, 
c,b,p,A, 
y,c,c,E, 
a,g,p, , 
y,c,c,J, 
w,r,b,A, 
r,u,t,E, 
r,u,t,D, 
r,u,t,C, 
r,u,t,R, 
p,u,t,A, 
p,u,t,P, 
e,f,e,O, 
e,f,e,B, 
p,h,o,H, 
p,g,a,D, 
p,g,a,C, 
p,g,a,B, 
p,g,a,A, 
y,c,d,T, 
i,n,s,F,1
y,c,d,U, 
y,c,d,X, 
y,c,d,Y, 
c,s,g,G, 
c,s,g,F, 
c,s,g,E, 
c,s,g,D, 
c,s,g,B, 
c,s,g,A, 
c,s,g,C, 
y,m,d,A, 
y,m,d,B, 
o,p,g,C, 
o,p,g,G, 
o,p,g,H, 
y,c,e,K, 
m,d,t,G, 
l,p,x,L, 
y,c,e,A, 
y,c,e,I, 
y,c,e,J, 
y,c,e,O, 
s,o,l,A, 
d,i,n,I, 
p,y,r,C, 
y,c,e,B, 
g,r,x,B, 
r,i,m,J, 
y,c,e,H, 
y,c,e,M, 
m,u,r,J, 
f,l,g,N, 
f,l,g,M, 
f,l,g,A, 
f,l,g,B, 
f,l,g,C, 
f,l,g,D, 
f,l,g,E, 
f,l,g,F, 
f,l,g,G, 
f,l,g,H, 
f,l,g,J, 
f,l,g,K, 
f,l,g,L, 
r,n,e, , 
r,l,u,C, 
y,c,e,D, 
r,p,m,F, 
f,a,b,H, 
f,a,b,D, 
f,a,b,G, 
a,c,p,P, 
f,a,b,F, 
p,a,b,C, 
y,c,e,G, 
t,m,k, , 
h,o,l,B, 
y,c,f,H, 
p,t,s,G, 
f,h,u,E, 
y,c,f,L, 
l,p,o,B, 
t,h,i,K, 
n,a,g,Z, 
n,d,h, , 
y,c,f,J, 
b,h,s,A, 
l,d,t,C, 
m,f,d, , 
y,c,f,T, 
l,o,l,C, 
l,o,l,E, 
n,a,g,K, 
y,c,f,Z, 
p,o,t,D, 
p,o,t,C, 
p,o,t,A, 
p,e,p,T, 
p,h,o,Q, 
p,h,o,P, 
p,u,r,B, 
h,f,l,D, 
n,u,d,J, 
i,c,d, , 
y,m,f,D, 
y,m,f,E, 
l,i,t, , 
i,n,t,E, 
x,i,s,E, 
c,o,h,E, 
y,m,f,M, 
y,m,f,R, 
y,m,f,Q, 
s,t,f,P, 
t,f,a,P, 
t,f,a,E, 
p,i,n,E, 
m,c,r,A, 
i,r,a,M, 
y,c,g,X, 
b,l,u,R, 
b,l,u,F, 
y,c,g,Z, 
y,m,g,A, 
a,r,i,R, 
y,m,g,C, 
m,i,n,E, 
m,i,n,D, 
m,i,n,C, 
y,c,g,J, 
p,l,i,G, 
y,c,g,M, 
u,m,u,D, 
u,m,u,C, 
n,h,a,B, 
f,a,d,R, 
y,c,g,B, 
d,a,d,A, 
d,a,d,X, 
l,d,c,A, 
y,c,g,R, 
y,m,g,E, 
y,c,g,Y, 
t,r,e,A, 
d,h,a,L, 
y,c,g,V, 
y,c,h,F, 
p,t,h, , 
y,c,h,H, 
p,r,s, , 
i,s,p,E, 
l,o,l,B, 
h,e,m,A, 
p,r,f,A, 
p,r,m,C, 
y,c,h,Q, 
y,c,h,A, 
k,d,s,A, 
c,h,a,A, 
c,h,a,B, 
y,c,h,N, 
n,a,r,L, 
n,a,r,X, 
n,a,r,K, 
n,a,r,G, 
n,a,r,H, 
n,a,r,J, 
n,a,r,I, 
p,u,r,U, 
y,c,h,J, 
r,s,s,B, 
g,a,l,U, 
h,n,s, , 
t,d,k, , 
a,d,h,E, 
y,c,h,E, 
o,p,p,A, 
o,p,p,B, 
o,p,p,C, 
o,p,p,F, 
c,l,s,A, 
k,c,h, , 
t,o,n,B, 
y,c,i,A, 
y,c,i,B, 
y,c,i,C, 
o,m,p,W, 
y,c,i,E, 
y,c,i,F, 
t,r,p,A, 
t,r,p,B, 
t,r,p,D, 
t,r,p,E, 
t,r,p,L, 
y,c,i,V, 
y,c,i,Q, 
r,l,u,B, 
b,t,u,R, 
y,c,i,K, 
s,o,h,B, 
y,c,i,N, 
t,o,p,A, 
c,y,s,B, 
a,c,n,A, 
r,i,b,A, 
p,g,p,B, 
y,c,i,S, 
y,c,i,M, 
p,y,r,F, 
o,s,m,B, 
y,c,i,T, 
g,m,r, , 
r,n,b, , 
f,a,b,I, 
y,c,j,D, 
s,a,p,F, 
s,a,p,D, 
s,a,p,C, 
s,a,p,B, 
s,a,p,A, 
y,m,j,A, 
p,u,u,R, 
p,u,u,C, 
p,u,u,B, 
p,u,u,E, 
p,s,p,A, 
p,s,p,B, 
p,s,p,C, 
p,s,p,D, 
p,s,p,E, 
y,c,j,N, 
y,c,j,O, 
y,c,j,P, 
y,c,j,Q, 
y,c,j,S, 
y,c,j,T, 
y,c,j,U, 
o,m,p,G, 
y,c,j,W, 
y,c,j,X, 
y,c,j,F, 
t,y,r,R, 
t,p,x, , 
p,g,r,R, 
y,n,a,I, 
i,n,s,H,1
y,n,a,J, 
u,s,p,E, 
f,n,r, , 
o,g,t, , 
a,b,g,B, 
a,b,g,R, 
s,m,r,A, 
y,d,a,N, 
d,b,p,A, 
t,t,c,A, 
i,n,t,R, 
r,c,b,A, 
r,a,l,R, 
r,e,c,T, 
r,e,c,E, 
r,a,c,C, 
r,a,c,R, 
y,d,a,S, 
y,d,a,T, 
y,d,a,U, 
y,d,a,V, 
t,r,k,G, 
y,n,a,K, 
t,f,a,R, 
p,i,n,R, 
o,m,p,N, 
p,f,o, , 
h,s,l,J, 
l,d,h,A, 
y,d,b,H, 
y,n,b,E, 
f,e,a,R, 
p,a,a,Z, 
p,a,a,A, 
p,a,a,B, 
p,a,a,C, 
p,a,a,E, 
p,a,a,F, 
p,a,a,G, 
p,a,a,H, 
p,a,a,I, 
p,a,a,J, 
p,a,a,K, 
p,a,a,X, 
p,a,a,Y, 
i,n,s,D,1
i,n,s,I,1
y,d,b,C, 
y,n,b,B, 
y,n,b,C, 
y,n,b,D, 
a,z,o,R, 
y,d,c,F, 
a,l,d,A, 
y,d,c,A, 
m,o,k,B, 
t,r,g, , 
y,d,c,J, 
r,i,m,L, 
y,d,c,K, 
t,e,h,A, 
t,e,h,B, 
y,d,c,L, 
y,d,c,N, 
y,n,c,J, 
y,d,c,R, 
y,d,c,S, 
y,d,c,T, 
y,d,c,U, 
y,d,c,V, 
p,a,t,D, 
y,d,c,Y, 
y,d,c,Z, 
m,n,a,T, 
y,n,c,D, 
y,n,c,E, 
y,n,c,G, 
y,n,c,H, 
y,d,c,D, 
y,d,c,C, 
p,p,t,A, 
n,h,o,A, 
y,d,d,E, 
n,a,r,V, 
n,a,r,W, 
n,a,r,Y, 
n,a,r,Z, 
n,a,r,U, 
f,d,n,G, 
f,d,n,H, 
f,d,n,I, 
s,r,a, , 
o,s,m,C, 
d,d,p,F, 
d,d,p,D, 
d,d,p,C, 
d,d,p,B, 
d,d,p,A, 
d,d,p,X, 
y,d,d,W, 
g,a,d,C, 
g,a,d,B, 
p,q,q,L, 
y,d,d,B, 
y,d,d,A, 
y,d,e,O, 
s,a,f,A, 
y,d,e,P, 
y,d,e,Q, 
y,d,e,R, 
y,d,e,S, 
h,i,p,A, 
h,i,p,B, 
l,s,r,R, 
l,s,r,A, 
l,s,r,C, 
l,s,r,D, 
l,s,r,B, 
l,s,r,F, 
l,s,r,G, 
t,a,m, , 
y,n,e,F, 
y,n,e,G, 
g,l,s,B, 
y,n,e,J, 
y,n,e,K, 
y,d,e,A, 
m,a,r,C, 
m,a,r,B, 
y,d,e,E, 
d,g,c,Z, 
y,d,e,I, 
y,d,e,J, 
d,c,p, , 
y,d,f,G, 
r,s,p,R, 
y,d,f,Z, 
y,d,f,I, 
p,i,n,Q, 
t,f,a,Q, 
s,t,f,Q, 
c,s,p,I, 
r,z,p,Q, 
r,r,r,Q, 
y,d,f,R, 
c,s,p,B, 
c,s,p,F, 
r,e,m, , 
h,o,k,D, 
r,e,l,E, 
r,e,l,B, 
y,d,f,V, 
f,l,x,A, 
d,i,c,C, 
d,i,c,A, 
y,d,f,A, 
y,d,f,C, 
d,i,c,B, 
y,d,f,D, 
r,s,p,B, 
r,s,p,A, 
y,n,f,A, 
y,n,f,B, 
s,p,e,G, 
y,n,f,E, 
y,n,f,G, 
y,n,f,H, 
m,l,c, , 
y,n,f,L, 
y,n,f,M, 
y,d,g,D, 
m,d,t,I, 
m,d,t,J, 
t,q,s,A, 
p,n,t,B, 
p,n,t,A, 
y,d,g,H, 
y,d,g,I, 
f,o,l,M, 
y,d,g,C, 
r,s,t,B, 
t,u,s, , 
f,u,m,C, 
f,u,m,A, 
y,d,g,A, 
u,i,d,B, 
u,i,d,A, 
u,i,d,R, 
h,d,h,A, 
m,a,l,I, 
m,a,l,X, 
m,a,l,Y, 
a,d,d, , 
c,n,u, , 
r,s,x,A, 
r,s,x,B, 
r,s,x,C, 
r,s,x,D, 
r,s,x,G, 
r,s,x,E, 
n,t,h, , 
d,t,p,A, 
g,s,t,A, 
p,d,x,Y, 
t,y,r,S, 
p,d,x,H, 
a,n,m,K, 
y,d,h,I, 
y,d,h,K, 
s,o,d,C, 
n,e,m,A, 
g,l,o,A, 
r,n,t, , 
l,h,r, , 
g,r,x,D, 
m,e,p,H, 
s,o,d,B, 
y,d,h,P, 
p,u,r,R, 
y,d,h,B, 
c,f,a, , 
r,i,b,C, 
y,d,h,Q, 
y,d,h,R, 
y,d,h,S, 
y,d,h,T, 
y,d,h,U, 
y,d,h,W, 
y,d,h,V, 
y,d,h,Y, 
y,d,h,Z, 
p,y,k,F, 
l,p,p, , 
l,d,t,E, 
s,u,f,E, 
s,u,f,S, 
s,u,f,D, 
s,u,f,C, 
s,u,f,A, 
m,e,n,I, 
y,d,i,J, 
y,d,i,K, 
y,d,i,M, 
y,d,i,B, 
a,r,o,D, 
y,d,i,F, 
y,d,i,P, 
y,d,i,Q, 
y,d,i,R, 
y,d,i,S, 
y,d,i,T, 
p,p,s,A, 
p,p,s,R, 
a,r,o,H, 
y,d,i,E, 
y,d,i,U, 
y,d,i,V, 
n,l,p,C, 
b,t,u,D, 
b,t,u,E, 
b,t,u,C, 
i,h,f,A, 
p,h,e,T, 
p,h,e,S, 
p,h,e,M, 
r,p,l,T, 
i,n,f,C, 
t,h,r,S, 
y,d,i,Y, 
y,d,i,Z, 
y,n,i,A, 
y,n,i,B, 
y,n,i,C, 
y,d,j,N, 
c,h,b,G, 
c,h,b,F, 
c,h,b,R, 
c,h,b,A, 
c,h,b,C, 
c,h,b,B, 
o,s,m,E, 
n,a,d,E, 
c,h,o, , 
s,p,y, , 
a,s,t,E, 
a,s,t,B, 
a,s,t,D, 
a,s,t,A, 
a,s,t,C, 
x,t,h,A, 
y,d,j,Z, 
y,n,j,A, 
y,n,j,D, 
n,u,d,G, 
y,n,j,H, 
g,d,h,A, 
t,o,p,B, 
s,e,l,D, 
y,d,j,A, 
s,p,p,A, 
a,n,s,A, 
y,d,j,E, 
y,d,j,F, 
y,d,j,G, 
y,d,j,I, 
y,d,j,J, 
y,d,j,K, 
y,d,j,L, 
m,s,r,B, 
g,a,p,A, 
y,e,a,E, 
m,i,p,A, 
y,e,a,G, 
y,e,a,H, 
y,e,a,I, 
y,e,a,K, 
y,e,a,L, 
y,e,a,M, 
y,e,a,N, 
y,o,a,F, 
y,e,a,Q, 
y,o,a,G, 
y,e,a,R, 
l,e,u,E, 
d,m,l,A, 
y,e,a,V, 
y,e,a,W, 
y,e,a,X, 
r,n,d, , 
f,a,d,D, 
y,e,a,Y, 
t,s,a,B, 
y,o,a,A, 
y,o,a,H, 
p,a,b,B, 
n,u,d,L, 
s,d,a,A, 
y,o,a,E, 
m,a,n,X, 
m,a,n,Y, 
y,o,b,D, 
r,l,m,A, 
c,s,p,C, 
y,o,b,F, 
y,e,b,O, 
m,g,r,B, 
k,d,g,R, 
h,t,p,X, 
p,r,c, , 
y,e,b,S, 
y,e,b,Y, 
y,e,b,Z, 
y,o,b,A, 
h,o,l,E, 
y,o,b,B, 
e,x,o,X, 
p,t,r,B, 
y,e,b,E, 
y,e,b,G, 
p,u,r,T, 
e,d,a, , 
e,d,d, , 
z,w,f, , 
y,e,b,K, 
p,y,k,A, 
l,p,x,M, 
z,n,u,C, 
z,n,u,B, 
r,u,v,B, 
r,u,v,A, 
r,u,v,C, 
y,e,b,C, 
n,u,d,B, 
a,s,p,S, 
y,e,c,E, 
c,m,o,A, 
c,m,o,B, 
t,o,r,Y, 
a,r,g,S, 
f,l,h,E, 
f,l,h,A, 
f,l,h,B, 
c,h,e,Z, 
c,h,e,Y, 
c,h,e,B, 
c,h,e,R, 
t,a,p, , 
t,a,r, , 
c,h,e,W, 
c,h,e,A, 
m,o,t,B, 
m,o,t,A, 
f,l,h,C, 
i,n,s,B,1
i,n,s,A, 
u,s,p,C, 
o,t,s,A, 
o,t,s,B, 
a,r,a,G, 
a,r,a,F, 
f,t,n,B, 
y,e,c,R, 
f,t,n,A, 
y,e,c,H, 
t,y,r,P, 
y,e,c,A, 
p,g,s,A, 
u,v,r,Y, 
y,e,c,F, 
s,d,i,A, 
y,e,c,C, 
y,e,c,S, 
f,l,i,Y, 
f,l,i,C, 
f,l,i,D, 
f,l,i,S, 
f,l,i,T, 
a,m,y,A, 
y,e,d,D, 
y,e,d,E, 
y,e,d,F, 
y,e,d,L, 
f,l,i,E, 
f,l,i,F, 
f,l,i,G, 
f,l,i,I, 
f,l,i,J, 
f,l,i,K, 
f,l,i,L, 
f,l,i,M, 
f,l,i,N, 
f,l,i,P, 
f,l,i,Q, 
f,l,i,R, 
r,c,s,A, 
d,s,r,B, 
y,e,d,P, 
y,o,d,C, 
y,e,d,I, 
y,e,d,A, 
v,s,r, , 
d,c,m, , 
y,e,d,J, 
h,c,h,A, 
y,e,d,V, 
h,i,u,H, 
y,e,d,Y, 
y,e,d,Z, 
z,i,n,T, 
s,h,i,A, 
a,m,n, , 
y,e,e,N, 
c,b,l, , 
n,a,c, , 
l,d,t,A, 
c,o,b,T, 
c,o,b,S, 
c,o,b,U, 
i,n,s,H,1
i,n,s,D,1
y,e,e,S, 
y,e,e,T, 
c,b,e,A, 
c,b,t,A, 
y,e,e,A, 
s,b,m,C, 
s,b,c,B, 
y,e,e,D, 
y,e,e,E, 
y,e,e,Z, 
h,i,s,L, 
h,i,s,G, 
h,i,s,D, 
h,i,s,C, 
h,i,s,H, 
h,i,s,F, 
h,i,s,I, 
u,g,d, , 
g,n,d, , 
i,n,s,H,1
w,b,b,K, 
w,b,b,J, 
w,b,b,I, 
w,b,b,H, 
g,l,f, , 
w,z,x,B, 
r,f,b,C, 
r,f,b,A, 
r,f,b,D, 
r,f,b,B, 
w,c,a,N, 
w,c,a,M, 
w,c,a,L, 
w,c,a,K, 
w,z,x,C, 
w,c,a,J, 
c,p,s,G, 
c,p,s,B, 
w,c,a,I, 
w,c,a,G, 
g,m,d, , 
w,c,a,F, 
w,c,a,E, 
w,c,a,D, 
w,c,a,C, 
w,c,a,B, 
w,c,a,A, 
w,z,b, , 
w,z,a, , 
a,s,m,A, 
d,c,d, , 
y,e,g,E, 
a,l,k,A, 
y,e,g,I, 
y,e,g,J, 
y,e,g,K, 
y,e,g,L, 
m,d,t,B, 
m,d,t,C, 
m,d,t,D, 
b,a,e,S, 
b,a,e,R, 
y,e,g,Q, 
o,g,r,K, 
y,e,g,S, 
i,n,s,F,1
g,a,t,D, 
g,a,t,B, 
g,a,t,A, 
g,a,t,Z, 
y,e,g,T, 
y,e,g,U, 
y,e,g,V, 
y,e,g,W, 
t,h,i,D, 
t,h,i,M, 
r,c,n,R, 
r,c,n,A, 
y,e,h,A, 
y,e,h,B, 
y,e,h,C, 
y,e,h,D, 
y,e,h,E, 
m,e,t,G, 
y,e,h,I, 
y,e,h,M, 
y,e,h,P, 
y,e,h,S, 
y,e,h,U, 
m,l,r,A, 
y,e,h,W, 
y,e,h,X, 
y,e,h,Y, 
o,s,m,F, 
b,g,l,X, 
d,l,d, , 
y,o,h,F, 
d,u,s,C, 
y,o,h,J, 
y,o,h,K, 
c,d,d, , 
s,a,n,A, 
y,e,i,S, 
p,r,e,T, 
m,g,l,C, 
m,g,l,A, 
m,g,l,B, 
g,a,l,S, 
y,e,i,B, 
f,o,l,E, 
y,e,i,G, 
c,i,r,A, 
l,y,s,P, 
y,e,i,E, 
y,e,i,H, 
n,f,o, , 
y,e,i,I, 
n,u,p,X, 
r,i,h,B, 
p,s,u,T, 
p,s,u,G, 
p,s,u,K, 
f,r,u,A, 
f,r,u,K, 
f,r,u,B, 
s,e,t,B, 
y,e,i,Q, 
y,e,i,R, 
m,e,p,S, 
r,t,n, , 
y,e,j,B, 
y,e,j,E, 
y,e,j,F, 
y,e,j,G, 
b,c,r, , 
r,s,u,A, 
y,e,j,H, 
r,p,l,Y, 
y,e,j,K, 
y,e,j,L, 
y,e,j,M, 
i,n,s,H,1
n,a,r,P, 
c,c,m,H, 
d,s,b,E, 
c,c,m,F, 
c,c,m,E, 
c,c,m,D, 
c,c,m,C, 
c,c,m,B, 
n,a,p,C, 
n,a,p,H, 
n,a,p,G, 
n,a,p,A, 
n,a,p,D, 
n,a,p,F, 
e,c,o, , 
m,q,o, , 
y,o,j,I, 
a,l,k,B, 
a,d,a, , 
a,p,b,E, 
o,m,p,C, 
r,c,s,D, 
r,c,s,B, 
a,t,o,S, 
a,t,o,C, 
a,t,o,D, 
a,t,o,A, 
a,t,o,E, 
a,t,o,B, 
y,f,a,P, 
y,f,a,Q, 
g,y,r,A, 
u,b,i,G, 
y,f,a,L, 
n,r,d,A, 
n,r,d,B, 
y,f,a,E, 
i,n,a,A, 
g,l,p,Q, 
g,l,p,T, 
g,l,p,A, 
g,l,p,B, 
g,l,p,C, 
y,f,a,D, 
r,h,m,A, 
r,h,m,R, 
y,f,a,Y, 
n,u,d,I, 
a,i,s, , 
a,r,n,C, 
a,r,n,A, 
a,r,n,D, 
a,r,n,T, 
m,e,n,E, 
m,e,n,C, 
m,e,n,B, 
m,e,n,H, 
m,e,n,D, 
e,l,a,B, 
e,l,a,A, 
e,l,a,D, 
y,f,b,K, 
y,f,b,M, 
y,f,b,N, 
n,u,o,M, 
n,u,o,L, 
n,u,o,K, 
n,u,o,J, 
n,u,o,I, 
n,u,o,H, 
n,u,o,F, 
n,u,o,E, 
n,u,o,B, 
l,r,h,A, 
a,l,a,A, 
y,f,b,R, 
y,f,b,S, 
y,f,b,V, 
a,c,k,A, 
p,t,a, , 
y,f,c,D, 
y,f,c,F, 
y,f,c,G, 
f,o,l,X, 
y,f,c,H, 
y,f,c,I, 
h,i,s,P, 
h,i,s,M, 
h,i,s,Q, 
h,i,s,J, 
a,r,g,T, 
u,b,i,X, 
p,u,r,F, 
c,v,p,A, 
f,o,l,C, 
a,c,c,D, 
d,e,d,A, 
t,r,u,A, 
u,s,g, , 
p,d,x,B, 
f,l,k, , 
y,f,c,J, 
f,a,b,B, 
y,f,c,L, 
e,p,m,C, 
y,f,c,A, 
m,e,p,A, 
a,r,o,C, 
s,m,r,B, 
y,f,c,P, 
y,f,c,Q, 
y,f,c,R, 
y,f,c,S, 
y,f,c,V, 
s,i,x,A, 
f,a,d,J, 
f,a,d,I, 
y,f,d,F, 
m,l,a,A, 
y,f,d,C, 
i,n,t,S, 
g,t,r,A, 
g,t,r,B, 
g,t,r,S, 
y,f,d,K, 
y,f,d,N, 
y,f,d,Q, 
y,f,d,S, 
y,f,d,T, 
d,s,d,C, 
d,s,d,X, 
d,s,d,A, 
e,m,r,Y, 
e,m,r,K, 
e,v,g,A, 
e,v,g,S, 
y,f,d,V, 
o,x,c, , 
f,r,c, , 
y,f,d,X, 
y,p,d,I, 
y,f,d,Y, 
a,l,a,C, 
y,p,d,A, 
y,p,d,B, 
y,p,d,C, 
f,r,y,A, 
y,p,d,E, 
y,p,d,F, 
f,r,y,C, 
f,r,y,B, 
g,l,k, , 
y,f,e,O, 
y,p,e,C, 
m,n,t,H, 
n,u,p,C, 
g,l,t,X, 
x,a,p,R, 
x,a,p,B, 
x,a,p,A, 
y,f,e,N, 
y,f,e,R, 
y,f,e,H, 
l,i,g,A, 
z,i,p,A, 
c,y,s,Z, 
c,y,s,K, 
p,t,s,H, 
p,t,s,I, 
c,r,r, , 
p,d,x,K, 
y,f,e,K, 
y,f,e,S, 
c,y,s,M, 
c,y,s,A, 
c,y,s,U, 
c,y,s,P, 
m,u,r,R, 
m,u,r,Q, 
m,u,r,P, 
y,f,e,Y, 
a,m,i,A, 
h,e,m,F, 
e,u,t,R, 
e,u,t,L, 
e,u,t,C, 
y,f,f,L, 
y,f,f,M, 
y,f,f,O, 
y,f,f,P, 
y,f,f,R, 
e,u,t,A, 
e,u,t,H, 
e,u,t,J, 
e,u,t,E, 
e,u,t,N, 
e,u,t,D, 
e,u,t,T, 
e,u,t,Q, 
e,u,t,P, 
m,a,e,B, 
t,a,l,A, 
t,k,t,B, 
y,p,f,G, 
n,u,d,K, 
a,e,g,A, 
n,a,r,Q, 
a,c,r,D, 
y,f,f,B, 
d,a,p,E, 
t,m,c,A, 
y,p,f,J, 
p,u,r,C, 
d,a,p,A, 
b,c,p, , 
h,y,f,B, 
h,y,f,D, 
h,y,f,E, 
h,y,f,F, 
h,y,f,G, 
h,y,f,H, 
h,y,f,I, 
f,o,c,B, 
y,f,g,O, 
b,e,p,A, 
y,f,g,D, 
u,r,a,A, 
p,u,r,M, 
p,u,r,N, 
p,p,k, , 
p,p,x, , 
y,f,g,F, 
y,f,g,G, 
y,f,g,H, 
y,f,g,I, 
g,u,a,A, 
g,u,a,B, 
x,s,e,A, 
b,a,m,B, 
y,f,g,M, 
h,i,s,S, 
i,s,p,G, 
r,o,d,Z, 
r,l,m,N, 
n,d,k, , 
p,b,p,C, 
y,f,h,M, 
i,s,c,X, 
f,d,x, , 
h,s,c,A, 
h,s,c,B, 
i,s,c,A, 
i,s,c,U, 
i,s,c,R, 
t,r,m,J, 
s,u,h,B, 
h,c,a,T, 
h,c,a,R, 
h,c,a,E, 
h,c,a,F, 
h,c,a,C, 
h,c,a,B, 
h,c,a,D, 
y,p,h,B, 
y,p,h,D, 
y,p,h,E, 
y,p,h,F, 
g,l,y,A, 
h,m,p, , 
g,l,n,B, 
g,l,r,R, 
y,f,h,G, 
y,f,h,L, 
a,c,p,S, 
p,d,x,J, 
r,e,c,O, 
e,r,a, , 
r,n,c, , 
l,e,p,B, 
l,e,p,A, 
r,s,e,C, 
r,s,e,B, 
r,s,e,A, 
r,p,o,E, 
n,a,d,B, 
s,r,m,B, 
e,a,m,B, 
g,r,c,A, 
u,n,g, , 
y,f,i,F, 
t,r,x,C, 
p,k,a, , 
k,g,t,P, 
c,l,p,B, 
y,f,i,H, 
r,l,u,D, 
b,a,m,D, 
r,a,i,A, 
p,h,e,L, 
p,h,e,A, 
t,y,r,A, 
a,r,o,F, 
y,f,i,R, 
y,f,i,N, 
y,f,i,B, 
r,p,l,S, 
t,r,m,D, 
r,p,s,P, 
f,f,h, , 
g,r,p,E, 
n,a,d,K, 
r,a,t,A, 
s,m,p,B, 
i,n,t,A, 
y,f,j,H, 
a,l,p,A, 
y,f,j,I, 
y,f,j,J, 
y,f,j,K, 
y,f,j,L, 
y,f,j,M, 
r,n,l,A, 
y,f,j,Q, 
y,f,j,R, 
y,f,j,T, 
y,f,j,W, 
y,f,j,X, 
y,f,j,Y, 
y,f,j,Z, 
y,p,j,F, 
g,a,b,D, 
g,a,b,T, 
g,a,b,P, 
y,g,a,U, 
y,q,a,E, 
y,g,a,V, 
y,g,a,P, 
s,t,p,A, 
a,l,a,E, 
y,g,a,C, 
n,r,d,H, 
n,r,d,I, 
n,r,d,E, 
n,r,d,F, 
p,r,o,V, 
p,r,o,W, 
p,r,o,X, 
y,g,a,Z, 
y,g,a,H, 
m,p,r,A, 
e,m,r,A, 
e,m,r,B, 
l,u,x,S, 
g,s,h,A, 
y,q,a,A, 
y,q,a,B, 
c,s,r,A, 
a,l,a,S, 
r,e,c,X, 
r,e,c,A, 
p,n,c,C, 
m,l,t,B, 
s,r,l,B, 
s,r,l,D, 
s,r,l,M, 
s,r,l,R, 
n,o,r,V, 
n,o,r,W, 
h,y,p,F, 
h,y,d,N, 
a,s,c,B, 
h,y,c,I, 
h,y,c,H, 
h,y,c,G, 
h,y,c,F, 
h,y,c,E, 
h,y,c,D, 
h,y,c,C, 
h,y,c,B, 
h,y,c,A, 
h,y,p,A, 
h,y,p,B, 
h,y,p,C, 
h,y,p,D, 
f,h,l,A, 
y,g,b,A, 
m,u,t,S, 
p,p,h,B, 
y,g,b,J, 
y,g,b,K, 
y,g,b,L, 
y,g,b,M, 
y,g,b,N, 
r,p,o,S, 
n,l,p,D, 
p,c,m, , 
u,m,p,G, 
t,r,u,D, 
i,s,p,F, 
i,s,p,D, 
f,t,s,B, 
y,g,b,E, 
c,y,s,C, 
c,y,s,N, 
c,y,s,D, 
i,a,p, , 
y,g,b,T, 
c,a,s,E, 
c,a,s,C, 
c,a,s,B, 
c,a,s,A, 
y,g,c,B, 
c,y,s,H, 
c,y,s,I, 
c,y,s,J, 
q,u,e,D, 
y,g,c,P, 
y,q,c,E, 
y,g,c,E, 
q,u,e,E, 
e,n,o, , 
p,y,r,G, 
m,a,z,G, 
m,a,z,F, 
m,a,z,E, 
r,e,l,A, 
r,l,m,D, 
b,a,r,A, 
g,u,d,D, 
g,u,d,X, 
g,u,d,P, 
y,q,c,A, 
t,r,u,C, 
y,q,c,C, 
s,y,d, , 
q,u,e,F, 
y,g,d,H, 
s,d,a,C, 
s,d,a,B, 
f,u,c,A, 
f,u,c,P, 
f,u,c,I, 
f,u,c,K, 
f,u,c,U, 
f,u,c,R, 
r,l,m,M, 
y,g,d,D, 
g,c,v,A, 
c,s,d,A, 
c,s,d,E, 
t,c,d,A, 
m,l,t,A, 
a,r,g,A, 
r,e,c,D, 
r,e,c,B, 
p,t,r,A, 
r,e,c,C, 
p,p,d,C, 
p,p,d,B, 
p,p,d,A, 
t,h,y,A, 
l,g,t, , 
p,t,s,P, 
r,p,p,H, 
m,u,t,H, 
y,g,d,Q, 
y,g,d,R, 
t,a,s, , 
l,p,l,T, 
a,a,s, , 
g,a,l,R, 
l,y,s,A, 
l,y,s,R, 
y,g,e,A, 
a,r,a,E, 
k,d,u,D, 
k,d,u,I, 
y,q,e,G, 
y,q,e,I, 
y,g,e,G, 
y,g,e,H, 
y,g,e,I, 
i,n,s,D,1
x,d,h,A, 
x,d,h,B, 
x,d,h,C, 
y,g,e,V, 
y,g,e,X, 
y,g,e,Y, 
y,q,e,A, 
y,q,e,B, 
m,o,c,A, 
y,g,f,K, 
y,g,f,M, 
x,d,h,D, 
g,u,a,D, 
i,d,i, , 
l,y,s,S, 
p,r,f,B, 
r,e,c,J, 
d,s,b,C, 
x,e,r,D, 
f,l,d,B, 
c,p,t,A, 
s,d,h,E, 
y,g,f,Z, 
y,q,f,A, 
y,q,f,B, 
b,g,l,A, 
y,g,f,F, 
g,c,v,P, 
g,c,v,H, 
g,c,v,T, 
u,b,i,I, 
u,b,i,H, 
p,e,p,P, 
z,a,p,A, 
s,e,r,A, 
r,p,i,A, 
a,r,g,P, 
s,c,p,A, 
a,r,g,K, 
s,c,p,C, 
y,g,g,E, 
a,r,g,O, 
m,s,c,S, 
f,b,a,A, 
p,g,k, , 
e,p,d, , 
y,g,g,C, 
y,g,g,D, 
y,g,g,F, 
c,m,t,A, 
c,m,t,B, 
s,p,e,B, 
s,p,e,A, 
y,q,g,C, 
m,e,t,K, 
g,a,l,P, 
y,g,g,I, 
e,n,d,A, 
g,s,h,B, 
y,q,g,F, 
y,g,g,S, 
y,g,g,T, 
r,d,g,B, 
y,g,g,W, 
y,g,g,M, 
a,n,s,B, 
y,g,g,N, 
t,r,m,I, 
m,u,t,Y, 
y,g,g,X, 
y,q,g,A, 
y,g,h,D, 
y,g,h,G, 
g,l,c,A, 
g,l,c,B, 
g,l,c,G, 
g,l,c,D, 
g,l,c,C, 
i,n,s,H,1
y,g,h,R, 
y,g,h,S, 
y,g,h,T, 
p,i,t,B, 
g,s,s, , 
h,y,b,G, 
h,y,b,F, 
h,y,b,E, 
h,y,b,D, 
h,y,b,C, 
h,y,b,B, 
h,y,b,A, 
h,y,b,O, 
y,g,h,W, 
g,p,r, , 
y,q,h,A, 
y,g,h,A, 
e,x,b,D, 
e,x,b,B, 
m,e,t,C, 
y,g,h,B, 
y,q,h,D, 
y,q,h,H, 
f,t,s,P, 
p,l,s,C, 
p,a,r,C, 
y,g,i,S, 
m,q,s,A, 
m,q,s,R, 
y,g,i,W, 
q,s,e,B, 
q,s,e,C, 
y,g,i,Z, 
m,d,a,B, 
y,g,i,N, 
p,a,r,E, 
y,q,i,A, 
c,p,d,A, 
y,q,i,B, 
n,u,d,F, 
y,g,i,C, 
z,u,p,T, 
r,i,b,B, 
y,g,i,L, 
i,n,s,D,1
y,q,i,I, 
g,l,g,S, 
y,q,i,J, 
y,q,i,K, 
h,l,d,E, 
g,l,n,E, 
y,g,i,F, 
y,g,i,M, 
c,c,a, , 
b,a,c,A, 
p,l,s,Y, 
t,t,d,R, 
t,t,d,A, 
t,t,d,B, 
t,t,d,T, 
t,s,a,D, 
r,p,s,U, 
d,n,a,G, 
r,p,o,D, 
m,u,g, , 
y,q,j,H, 
y,q,j,I, 
a,e,r, , 
y,g,j,H, 
e,b,g,R, 
e,b,g,C, 
y,g,j,J, 
y,g,j,K, 
f,a,d,H, 
h,i,g,A, 
h,i,g,B, 
y,g,j,Q, 
s,s,t,T, 
y,g,j,V, 
u,x,a,A, 
u,x,a,C, 
e,x,u,T, 
y,q,j,A, 
m,z,r,A, 
y,q,j,D, 
y,q,j,E, 
y,q,j,K, 
y,q,j,G, 
y,h,a,H, 
y,h,a,I, 
y,h,a,J, 
y,h,a,K, 
t,d,c,C, 
t,d,c,B, 
t,d,c,A, 
y,h,a,C, 
g,a,r,L, 
g,a,r,P, 
g,a,r,D, 
p,r,l,F, 
y,h,a,V, 
a,g,a,R, 
k,b,a,Z, 
a,g,a,S, 
k,b,a,Y, 
a,g,a,B, 
a,g,a,C, 
a,g,a,D, 
a,g,a,I, 
y,r,a,H, 
y,r,a,I, 
y,r,a,J, 
y,r,a,K, 
r,s,m,I, 
l,p,o,A, 
y,r,a,N, 
d,i,a,A, 
y,r,a,P, 
y,r,a,Q, 
y,h,b,P, 
y,h,b,Q, 
y,h,b,S, 
y,h,b,T, 
y,h,b,U, 
y,h,b,W, 
m,t,r, , 
n,l,p,I, 
r,p,s,O, 
t,r,u,B, 
r,b,f,A, 
i,n,f,B, 
n,u,s,A, 
a,r,g,G, 
s,e,c,G, 
g,l,m,M, 
f,t,s,H, 
r,l,m,E, 
y,h,b,Y, 
d,a,c,B, 
o,b,g,E, 
y,h,b,E, 
r,p,m,A, 
r,p,l,U, 
i,s,p,B, 
s,f,s,B, 
m,u,r,A, 
m,l,a,C, 
m,l,a,D, 
m,l,a,E, 
m,l,a,F, 
y,r,b,G, 
k,d,s,D, 
k,d,s,C, 
l,p,t,C, 
l,p,t,A, 
l,p,t,B, 
r,p,o,N, 
h,p,f, , 
p,t,s,N, 
y,h,b,J, 
n,p,r, , 
y,r,b,L, 
m,t,g,A, 
y,h,c,C, 
g,l,t,D, 
g,l,t,F, 
y,h,c,A, 
y,h,c,D, 
i,n,s,H,1
y,h,c,F, 
y,h,c,G, 
y,h,c,H, 
n,a,n,E, 
n,a,n,A, 
d,c,u,D, 
s,s,p,B, 
s,s,p,A, 
r,p,s,I, 
r,p,l,M, 
y,h,c,M, 
d,e,g,Q, 
d,e,g,S, 
m,d,h, , 
a,r,g,R, 
y,h,c,O, 
a,a,e,B, 
a,a,e,A, 
a,a,e,R, 
t,l,d,D, 
y,h,d,E, 
m,r,e,D, 
m,r,e,C, 
c,s,r,D, 
a,c,u,I, 
a,c,c,B, 
a,c,c,C, 
y,h,d,T, 
p,r,m,A, 
d,u,s,B, 
f,i,s, , 
y,h,d,U, 
a,c,r,S, 
a,c,r,E, 
a,c,r,F, 
y,h,d,V, 
y,h,d,Z, 
y,r,d,B, 
a,r,o,E, 
t,s,a,C, 
s,m,g, , 
d,e,f, , 
f,m,t, , 
r,s,m,B, 
t,r,k,A, 
m,s,c,L, 
z,n,t,R, 
y,h,d,N, 
r,p,l,Q, 
r,p,o,A, 
r,p,s,D, 
r,p,s,K, 
r,p,s,M, 
r,p,m,J, 
s,e,c,Y, 
r,p,l,O, 
r,p,m,D, 
r,p,s,E, 
r,p,l,R, 
r,p,l,F, 
r,p,s,H, 
r,p,s,N, 
r,p,l,E, 
r,p,l,X, 
r,p,l,N, 
r,p,s,Q, 
r,p,m,C, 
r,p,l,P, 
r,p,s,C, 
r,p,l,V, 
r,p,s,S, 
r,p,l,B, 
r,p,l,W, 
r,p,l,D, 
r,p,l,C, 
r,p,s,J, 
g,s,p,B, 
g,s,p,A, 
g,s,p,C, 
g,s,p,E, 
g,s,p,F, 
g,s,p,G, 
g,s,p,H, 
g,s,p,J, 
g,s,p,K, 
g,s,p,O, 
b,f,r, , 
b,f,d, , 
c,h,i,A, 
t,u,f,A, 
f,u,s,A, 
r,p,s,G, 
r,p,s,L, 
t,u,s,B, 
t,u,s,C, 
t,u,s,D, 
f,k,p,A, 
s,l,y,X, 
s,l,y,D, 
k,e,f,B, 
k,e,f,G, 
y,h,e,S, 
y,h,e,T, 
y,h,e,U, 
p,r,k,B, 
y,h,f,A, 
c,r,p, , 
a,r,g,D, 
p,a,b,A, 
f,i,c, , 
y,h,f,G, 
p,p,i,A, 
t,s,g,A, 
n,i,r,B, 
n,i,r,D, 
c,y,s,G, 
y,h,f,L, 
f,r,l,D, 
y,h,f,S, 
y,h,f,T, 
p,h,p, , 
y,h,f,W, 
y,h,f,X, 
t,r,p,S, 
g,p,h, , 
r,p,e, , 
d,a,m, , 
d,a,m,X, 
a,r,o,B, 
h,o,f,Q, 
h,o,f,O, 
h,o,f,N, 
n,u,d,E, 
y,r,f,F, 
h,s,l,R, 
y,h,g,E, 
p,c,k, , 
e,n,v,Z, 
o,m,p,R, 
f,e,o,A, 
f,e,o,B, 
f,e,o,C, 
y,h,g,A, 
b,i,o,H, 
n,f,u,A, 
m,a,l,Q, 
m,a,l,T, 
r,t,c,B, 
r,t,c,R, 
g,l,p,E, 
g,l,p,D, 
g,l,g,P, 
g,l,g,A, 
g,l,g,C, 
g,l,g,X, 
g,l,g,B, 
a,s,d, , 
y,h,g,N, 
y,h,h,W, 
y,h,h,X, 
y,h,h,Y, 
y,h,h,Z, 
i,n,s,A, 
i,n,s,B,1
y,r,h,B, 
g,g,t, , 
y,h,h,A, 
u,g,p,Q, 
u,g,p,E, 
u,g,p,A, 
u,g,p,B, 
l,i,v,G, 
l,i,v,M, 
l,i,v,H, 
l,i,v,K, 
p,a,n,M, 
r,p,o,H, 
f,t,s,X, 
f,t,s,E, 
f,t,s,Y, 
r,s,m,D, 
y,h,h,L, 
y,h,h,M, 
y,h,h,N, 
z,n,t,A, 
t,u,s,A, 
y,h,h,Q, 
a,c,p,T, 
n,i,k,A, 
n,i,k,B, 
n,i,k,C, 
n,i,k,D, 
n,i,k,E, 
n,i,k,R, 
y,h,h,I, 
y,h,i,I, 
y,h,i,J, 
y,h,i,N, 
p,i,t,A, 
u,s,p,B, 
u,s,p,A, 
d,t,p,B, 
r,s,m,J, 
p,r,l,C, 
r,l,m,J, 
g,o,r, , 
a,r,s,R, 
a,r,s,C, 
i,n,s,H,1
d,c,t,R, 
y,h,i,D, 
h,d,e,A, 
h,d,e,D, 
g,a,d,E, 
m,d,t,E, 
m,d,t,F, 
g,a,d,W, 
g,a,d,X, 
g,a,d,A, 
y,h,j,A, 
t,r,e,F, 
y,h,j,B, 
y,h,j,D, 
y,h,j,E, 
y,h,j,J, 
d,c,t,A, 
b,c,s,Z, 
b,c,s,B, 
y,h,j,R, 
b,c,s,E, 
b,c,s,G, 
y,h,j,V, 
d,p,p,F, 
d,p,p,D, 
d,p,p,C, 
d,p,p,B, 
d,p,p,A, 
y,h,j,X, 
t,a,g, , 
y,i,a,C, 
y,i,a,G, 
c,s,p,A, 
i,n,s,J, 
i,n,s,K, 
g,l,y,S, 
g,l,y,Q, 
w,e,c,H, 
x,y,l,B, 
x,y,l,A, 
x,y,l,F, 
x,y,l,G, 
x,y,l,H, 
x,y,l,R, 
m,a,l,S, 
y,s,a,A, 
y,i,a,J, 
y,i,a,K, 
y,i,a,L, 
y,i,a,M, 
y,i,a,O, 
l,y,x,K, 
s,g,b,H, 
s,g,b,E, 
y,i,a,T, 
y,i,a,U, 
y,i,a,V, 
y,i,a,W, 
s,e,l,B, 
s,e,l,A, 
y,i,b,F, 
r,h,s,A, 
y,i,b,A, 
y,i,b,G, 
y,i,b,H, 
y,i,b,I, 
m,t,l,A, 
m,t,l,D, 
m,t,l,R, 
y,i,b,L, 
l,l,d,P, 
l,l,d,R, 
l,l,d,D, 
t,r,m,L, 
c,y,s,E, 
g,p,s,A, 
s,e,c,B, 
g,r,x,C, 
y,i,b,N, 
g,p,m,M, 
w,a,a,H, 
t,d,h, , 
k,b,l, , 
h,l,d,D, 
w,a,a,F, 
w,a,a,C, 
w,a,a,L, 
w,a,a,U, 
w,a,a,Z, 
w,a,a,Y, 
w,a,a,J, 
w,a,a,R, 
w,a,a,S, 
w,a,a,P, 
w,a,a,G, 
w,a,a,Q, 
w,a,a,A, 
c,o,a,D, 
m,u,t,M, 
r,p,m,G, 
r,p,m,B, 
d,u,t, , 
p,y,r,E, 
y,i,c,C, 
g,m,k, , 
r,p,o,Z, 
s,p,o,T, 
t,r,m,H, 
r,e,c,G, 
g,l,t,S, 
x,a,n,P, 
y,i,c,H, 
y,i,c,I, 
s,e,t,C, 
y,i,c,L, 
n,l,p,A, 
a,d,e, , 
u,h,p,T, 
u,h,p,A, 
i,l,v,N, 
i,l,v,B, 
i,v,b,L, 
y,i,d,F, 
y,i,d,G, 
y,i,d,H, 
y,i,d,I, 
y,i,d,J, 
y,i,d,K, 
y,i,d,P, 
i,b,p,A, 
d,g,o,K, 
y,i,d,A, 
r,e,c,F, 
d,n,a,N, 
d,n,a,A, 
r,p,m,H, 
r,n,p,A, 
y,i,d,C, 
m,n,m,E, 
t,n,a,C, 
t,n,a,B, 
m,d,t,L, 
y,i,d,Z, 
c,h,r,R, 
p,u,r,P, 
y,i,e,H, 
c,b,r,B, 
c,b,r,C, 
b,g,l,H, 
b,g,l,B, 
b,g,l,F, 
b,g,l,G, 
p,h,o,U, 
p,s,t,B, 
p,s,t,A, 
p,s,t,C, 
p,s,t,S, 
g,l,m,S, 
g,l,m,U, 
a,t,p,C, 
a,t,p,D, 
a,t,p,G, 
a,t,p,A, 
a,t,p,H, 
a,t,p,F, 
a,t,p,E, 
a,t,p,B, 
r,s,m,G, 
m,n,m,G, 
m,i,o,C, 
a,s,n,C, 
a,s,n,A, 
r,b,s,A, 
r,b,s,C, 
r,b,s,B, 
r,b,s,K, 
r,b,s,R, 
h,s,r,A, 
y,i,f,E, 
i,l,v,L, 
i,l,v,M, 
i,l,v,A, 
i,l,v,Y, 
i,l,v,C, 
p,p,i,C, 
r,h,l,B, 
r,h,o, , 
w,e,c,A, 
r,f,f,H, 
w,e,c,E, 
w,z,x,E, 
w,z,y,E, 
w,e,c,G, 
a,s,l,A, 
h,e,m,Y, 
h,e,m,X, 
h,e,m,D, 
c,y,a,A, 
c,y,a,Y, 
y,i,g,A, 
x,e,r,C, 
y,i,g,B, 
u,v,r,D, 
c,o,r,A, 
y,i,g,F, 
p,l,d,A, 
y,i,g,M, 
m,e,t,R, 
m,e,t,E, 
u,d,p, , 
r,m,u,C, 
u,b,i,J, 
u,b,i,B, 
t,a,t,C, 
r,f,a,H, 
u,b,i,D, 
f,r,e, , 
f,a,d,B, 
p,e,p,Q, 
h,e,m,G, 
m,o,b,A, 
y,i,h,D, 
s,r,k,A, 
d,s,b,A, 
y,i,h,G, 
p,o,l,A, 
y,i,h,I, 
g,l,n,G, 
g,l,n,L, 
g,l,n,A, 
y,i,h,L, 
y,i,h,M, 
y,i,h,N, 
o,m,p,L, 
y,i,h,Q, 
y,i,h,T, 
y,i,h,U, 
y,i,h,Y, 
d,t,d, , 
y,i,i,D, 
f,d,h,E, 
f,d,o,I, 
f,d,o,H, 
f,d,o,G, 
f,d,h,D, 
y,i,i,G, 
f,r,v,R, 
f,r,v,X, 
f,r,v,A, 
r,h,a,M, 
r,h,a,D, 
r,h,a,B, 
r,h,a,S, 
r,h,a,T, 
c,p,x,A, 
c,p,x,R, 
f,i,e,F, 
p,f,k,A, 
s,b,p, , 
c,d,h, , 
t,p,i,A, 
y,i,i,Q, 
y,i,i,R, 
y,i,i,S, 
u,s,p,D, 
f,p,r, , 
g,l,p,X, 
g,l,p,K, 
g,l,p,F, 
z,a,p,B, 
r,r,a,A, 
m,e,n,A, 
h,s,l,U, 
h,s,l,V, 
f,t,s,N, 
c,y,t,R, 
p,r,i,A, 
r,p,m,E, 
y,i,i,X, 
m,e,t,J, 
m,e,t,B, 
m,e,t,L, 
m,e,t,F, 
k,a,t,G, 
y,i,j,F, 
f,s,a,B, 
f,r,w,C, 
f,r,w,B, 
p,f,l,D, 
f,r,w,D, 
y,i,j,O, 
e,p,t,C, 
p,p,c, , 
a,r,g,E, 
a,r,g,C, 
a,r,g,H, 
o,x,y,R, 
y,i,j,D, 
t,r,m,A, 
b,t,u,B, 
m,u,r,B, 
b,i,r,A, 
c,o,a,A, 
t,u,f,B, 
s,e,c,E, 
n,u,s,G, 
r,p,l,K, 
r,p,l,A, 
r,p,l,J, 
r,p,l,L, 
r,p,o,B, 
r,p,o,C, 
y,j,a,Z, 
t,h,i,H, 
t,h,i,E, 
t,h,i,C, 
r,s,d, , 
h,e,m,E, 
y,j,a,G, 
h,u,p,A, 
y,j,a,H, 
z,r,a,S, 
z,r,a,R, 
p,u,r,D, 
p,u,r,H, 
y,j,a,A, 
y,j,a,B, 
m,e,t,A, 
a,c,e,B, 
a,c,e,A, 
a,c,e,K, 
a,r,p,A, 
m,e,t,H, 
y,j,b,B, 
p,e,p,E, 
r,l,u,F, 
y,j,b,D, 
l,y,s,C, 
p,g,i, , 
y,j,b,E, 
y,j,b,G, 
y,j,b,H, 
p,s,i,E, 
x,y,l,E, 
m,a,l,G, 
m,a,l,F, 
m,a,l,E, 
m,a,l,K, 
l,a,m,B, 
m,a,l,M, 
u,b,i,A, 
d,g,k,A, 
l,e,x,A, 
y,j,b,J, 
y,j,b,L, 
y,j,b,M, 
q,o,r,A, 
d,n,a,B, 
a,l,r, , 
t,y,r,B, 
a,p,h,A, 
y,j,b,Q, 
y,j,b,R, 
u,v,r,A, 
s,s,b, , 
y,j,c,C, 
s,o,x,S, 
s,o,x,R, 
y,j,c,D, 
y,j,c,E, 
y,j,c,F, 
a,c,t,P, 
y,j,c,H, 
a,c,s, , 
n,r,f,A, 
n,r,f,C, 
n,r,f,D, 
n,r,f,E, 
n,r,f,F, 
n,r,f,G, 
g,l,t,P, 
y,j,c,O, 
f,d,h,F, 
m,d,t,P, 
m,d,t,N, 
a,l,s,K, 
a,l,s,E, 
a,l,s,C, 
a,l,s,A, 
a,l,s,B, 
r,p,i,B, 
p,h,n,P, 
p,h,n,O, 
p,h,n,N, 
p,h,n,M, 
p,h,n,L, 
p,h,n,J, 
p,h,n,I, 
p,h,n,H, 
p,h,n,G, 
p,h,n,F, 
p,h,n,D, 
p,h,n,C, 
y,j,d,N, 
y,j,d,M, 
c,r,f,C, 
p,r,o,P, 
b,a,s,S, 
b,a,s,R, 
a,d,i,C, 
a,d,i,Y, 
m,e,l,R, 
m,e,l,A, 
y,j,d,F, 
f,u,m,B, 
d,c,u,B, 
d,c,u,R, 
d,c,u,S, 
y,j,d,I, 
y,j,d,J, 
y,j,d,K, 
l,y,s,U, 
d,t,p,C, 
c,a,d,A, 
c,a,d,B, 
c,a,d,C, 
d,s,b,D, 
c,u,t,A, 
d,c,u,A, 
y,j,e,H, 
g,r,o,S, 
g,r,o,L, 
y,j,e,J, 
e,p,m,B, 
e,f,p, , 
b,l,c, , 
a,m,p,C, 
f,r,d,D, 
f,r,d,C, 
f,r,d,B, 
f,r,d,A, 
y,j,e,N, 
y,j,e,O, 
m,s,c,M, 
p,s,d, , 
q,u,e,G, 
n,n,r, , 
t,s,a,E, 
a,m,i,B, 
m,u,t,L, 
m,i,a,A, 
h,f,q, , 
h,f,l,X, 
h,f,l,K, 
h,f,l,C, 
y,j,e,T, 
p,u,r,A, 
n,s,r,R, 
r,l,m,B, 
y,j,f,I, 
y,j,f,J, 
y,j,f,K, 
y,j,f,L, 
y,j,f,M, 
y,j,f,C, 
y,j,f,P, 
u,l,a,R, 
u,l,a,B, 
u,l,a,C, 
u,l,a,D, 
u,l,a,E, 
u,l,a,F, 
y,j,f,Y, 
p,r,i,B, 
r,p,s,R, 
r,p,l,I, 
y,j,f,Z, 
c,y,c,A, 
y,t,f,E, 
q,o,r,B, 
c,p,d,B, 
c,y,s,Q, 
y,t,f,J, 
y,t,f,L, 
m,s,r,A, 
t,a,m,A, 
t,a,m,B, 
y,t,f,P, 
c,h,p,B, 
p,p,a, , 
y,t,f,Q, 
f,b,p, , 
m,p,l, , 
y,j,g,A, 
p,m,b,A, 
n,r,d,G, 
n,r,d,D, 
t,r,e,C, 
t,r,e,B, 
t,r,e,R, 
m,g,t,A, 
p,y,r,I, 
p,y,r,B, 
p,y,r,L, 
y,j,g,H, 
b,d,c,A, 
a,r,g,I, 
r,r,a,B, 
v,a,l,S, 
h,o,l,C, 
p,e,p,A, 
l,p,t,F, 
y,j,g,R, 
i,d,n,R, 
i,d,n,T, 
i,d,n,O, 
i,d,n,D, 
i,d,n,K, 
i,n,s,D,1
y,j,g,Z, 
i,n,s,G, 
i,n,s,I,1
f,e,c,E, 
f,e,c,D, 
f,e,c,C, 
f,e,c,A, 
f,e,c,R, 
f,e,c,I, 
i,n,s,A, 
y,j,h,F, 
y,j,h,G, 
y,j,h,I, 
s,g,c,R, 
s,g,c,E, 
s,g,c,A, 
s,g,c,Q, 
s,g,c,C, 
y,j,h,P, 
y,j,h,Q, 
n,a,n,S, 
f,i,m,B, 
f,i,m,E, 
f,i,m,A, 
f,i,m,D, 
f,i,m,F, 
f,i,m,G, 
f,i,m,H, 
g,n,t,P, 
u,x,u,A, 
u,x,u,B, 
u,x,u,R, 
h,y,p,T, 
i,a,d,A, 
y,j,i,G, 
y,j,i,J, 
y,j,i,N, 
m,d,t,M, 
y,j,i,R, 
y,j,i,S, 
m,c,r,C, 
h,s,d,S, 
h,s,d,M, 
m,r,r, , 
y,j,i,X, 
t,s,r, , 
y,j,j,L, 
d,n,a,C, 
d,n,a,T, 
y,j,j,Q, 
f,h,u,F, 
r,s,m,C, 
h,o,l,D, 
r,i,m,I, 
y,j,j,G, 
p,r,f,C, 
o,s,m,Y, 
y,j,j,U, 
y,j,j,W, 
y,j,j,I, 
d,e,o,C, 
d,e,o,A, 
d,e,o,B, 
d,e,o,D, 
y,j,j,J, 
l,p,l,A, 
y,t,j,B, 
s,e,r,B, 
r,a,d,A, 
y,j,j,K, 
t,r,p,R, 
y,t,j,C, 
r,o,b, , 
c,r,e,A, 
c,r,e,B, 
c,r,e,C, 
c,r,e,D, 
a,r,c,A, 
y,j,j,Y, 
y,j,t,D, 
p,c,n,B, 
h,r,p,B, 
f,r,m,R, 
p,s,i,F, 
y,b,i,H, 
r,l,m,F, 
r,l,u,E, 
h,l,y,E, 
d,h,a,K, 
y,c,i,O, 
d,o,s,P, 
m,n,t,P, 
d,a,c,D, 
p,b,p,G, 
y,f,d,E, 
y,p,h,G, 
t,d,c,R, 
f,r,l,B, 
f,r,l,R, 
m,r,c,A, 
h,d,e,B, 
e,n,v,C, 
y,i,c,R, 
a,i,d,B, 
y,t,f,B, 
f,e,c,B, 
r,e,c,Q, 
d,i,n,F, 
t,y,n,A, 
p,o,t,B, 
y,n,f,F, 
m,s,r,C, 
m,l,t,F, 
r,h,a,R, 
c,a,i,D, 
c,a,i,C, 
y,c,j,Y, 
a,d,i,A, 
s,g,r,T, 
g,l,u,Q, 
y,k,g,R, 
i,n,s,E,1
i,n,s,E,1
y,a,i,V, 
i,n,s,E,1
y,b,i,Y, 
m,u,k,E, 
i,n,s,E,1
d,h,a,M, 
r,s,s,A, 
y,m,i,B, 
m,p,a,A, 
p,a,a,D, 
y,n,b,G, 
c,u,r,A, 
r,z,o,Q, 
y,d,f,U, 
y,d,h,X, 
y,d,i,H, 
y,d,i,N, 
y,d,j,M, 
y,d,j,O, 
y,o,a,K, 
y,o,a,J, 
y,o,a,C, 
y,o,b,I, 
a,z,u,C, 
y,e,e,O, 
y,o,e,I, 
i,b,s,A, 
i,b,s,B, 
i,n,s,E,1
y,o,h,P, 
r,h,m,D, 
y,f,b,O, 
y,p,d,K, 
y,f,e,D, 
h,d,a, , 
y,f,h,R, 
s,h,o,B, 
h,y,p,E, 
y,g,b,I, 
y,q,c,G, 
y,g,d,G, 
y,q,e,L, 
y,q,f,G, 
i,b,s,C, 
y,g,i,D, 
i,b,s,D, 
i,b,s,E, 
y,r,b,N, 
r,i,m,P, 
y,h,h,J, 
y,h,i,M, 
y,h,j,G, 
y,h,j,K, 
b,c,s,C, 
w,a,a,B, 
y,i,d,L, 
y,i,e,E, 
i,l,v,X, 
y,s,h,B, 
y,j,e,V, 
y,t,f,F, 
h,s,d,R, 
y,j,j,N, 
y,m,g,G, 
i,n,s,Q, 
r,p,s,F, 
c,o,b,B, 
y,c,g,L, 
g,l,t,B, 
y,i,d,R, 
m,g,t,L, 
t,h,i,G, 
y,a,g,E, 
m,a,l,Z, 
e,n,t,D, 
y,n,a,E, 
y,d,f,K, 
m,a,n,Z, 
y,f,b,P, 
a,s,c,G, 
f,u,c,O, 
p,m,r,R, 
m,e,l,B, 
b,g,l,J, 
m,h,p,C, 
y,g,a,M, 
h,o,k,C, 
s,e,t,A, 
y,a,e,P, 
b,e,t,I, 
l,a,c,I, 
p,h,o,A, 
a,r,a,J, 
y,b,a,Y, 
h,o,k,E, 
g,a,l,E, 
r,u,t,A, 
b,s,s,S, 
f,l,g,I, 
h,i,n,T, 
d,s,b,B, 
l,d,r,A, 
l,d,r,B, 
l,d,r,C, 
o,p,p,D, 
h,o,k,B, 
l,s,r,K, 
u,x,a,B, 
m,a,n,A, 
b,l,r, , 
s,l,y,B, 
y,d,h,F, 
y,d,h,C, 
m,d,t,K, 
r,p,m,I, 
p,f,k,B, 
k,a,t,E, 
p,r,o,Q, 
f,l,i,A, 
y,e,d,K, 
f,l,u, , 
y,e,i,L, 
n,u,o,A, 
y,f,c,E, 
i,s,c,S, 
p,u,r,L, 
r,e,c,N, 
y,f,j,P, 
s,r,l,A, 
s,r,l,E, 
a,s,c,F, 
y,g,c,U, 
y,g,e,W, 
y,g,f,Q, 
f,a,u, , 
y,g,g,P, 
t,k,t,A, 
y,g,h,J, 
g,l,c,F, 
g,l,c,E, 
y,g,h,Q, 
y,q,h,G, 
y,g,i,Q, 
y,g,i,V, 
e,b,g,A, 
y,g,j,I, 
a,l,x, , 
y,h,a,M, 
t,d,c,G, 
t,d,c,E, 
a,r,c,B, 
n,a,n,R, 
y,h,d,P, 
y,h,d,X, 
y,r,d,D, 
s,m,f, , 
f,r,l,C, 
y,h,f,Z, 
g,n,t,T, 
m,a,l,P, 
r,t,c,A, 
g,l,p,G, 
g,n,t,U, 
g,n,t,R, 
l,i,v,J, 
r,h,s,B, 
r,b,b,A, 
l,d,r,D, 
y,i,a,D, 
h,o,k,A, 
b,a,x, , 
a,v,t,A, 
y,i,a,N, 
y,i,a,Y, 
d,g,o,D, 
d,g,o,A, 
d,g,o,R, 
y,i,d,X, 
g,y,r,B, 
y,i,e,K, 
v,i,a,A, 
k,u,p, , 
y,i,e,P, 
h,d,f,R, 
i,l,v,E, 
i,l,v,D, 
r,e,p, , 
g,p,p, , 
w,e,c,B, 
w,e,c,C, 
r,f,f,G, 
w,e,c,F, 
y,i,f,K, 
a,s,l,B, 
h,e,m,C, 
y,i,g,E, 
r,a,r,D, 
r,h,t,C, 
r,h,t,B, 
p,l,d,B, 
y,i,g,L, 
y,s,g,A, 
u,b,i,E, 
t,a,t,B, 
t,a,t,D, 
f,a,d,A, 
t,r,k,H, 
t,y,p,A, 
y,i,h,O, 
y,i,h,R, 
r,h,a,A, 
s,o,d,A, 
c,p,x,P, 
f,r,w,A, 
p,f,l,C, 
t,h,i,S, 
n,u,d,C, 
y,j,d,P, 
p,h,n,K, 
e,c,n,A, 
e,c,n,B, 
y,t,f,I, 
y,t,f,R, 
y,j,g,M, 
y,j,g,N, 
f,i,m,C, 
y,j,i,C, 
y,j,j,M, 
i,r,o,K, 
y,l,b,E, 
f,e,s, , 
m,n,t,S, 
t,r,p,C, 
y,m,i,A, 
d,i,n,Q, 
d,u,s,A, 
t,r,x,A, 
c,a,i,F, 
c,a,i,E, 
f,i,x,A, 
l,e,u,B, 
l,e,u,O, 
i,l,v,I, 
s,e,c,M, 
y,a,c,L, 
y,a,c,C, 
h,p,t, , 
y,a,d,M, 
l,i,g,T, 
c,d,a,R, 
y,a,e,I, 
c,d,s,A, 
y,a,e,R, 
r,o,f, , 
y,a,e,F, 
y,a,f,S, 
f,a,d,E, 
y,a,f,Z, 
y,k,f,A, 
m,m,u,P, 
a,f,u,C, 
e,c,p,E, 
r,c,l,C, 
r,c,l,B, 
r,c,l,A, 
y,k,g,G, 
y,a,h,M, 
m,h,p,D, 
m,h,p,T, 
y,a,i,L, 
y,a,i,S, 
t,a,u,A, 
h,e,m,B, 
y,a,i,Z, 
y,a,i,I, 
m,a,k, , 
y,a,j,I, 
y,a,j,O, 
y,a,j,L, 
y,a,j,Q, 
y,a,j,R, 
y,a,j,G, 
b,o,l,A, 
c,o,f, , 
y,b,a,O, 
y,l,a,B, 
y,l,a,C, 
y,b,a,Q, 
f,e,t,B, 
y,b,b,N, 
y,b,b,W, 
y,b,b,Y, 
y,b,c,J, 
s,f,m,A, 
y,b,c,V, 
d,s,b,G, 
a,h,p,F, 
c,i,t,E, 
c,i,t,C, 
y,b,e,F, 
l,i,p,B, 
r,s,f,S, 
y,b,e,Q, 
y,b,f,E, 
a,b,r,B, 
y,b,g,O, 
y,b,g,Q, 
c,y,d,A, 
y,b,h,J, 
y,b,h,F, 
y,b,i,X, 
m,c,b,A, 
y,b,i,O, 
f,s,a,A, 
g,s,t,B, 
y,b,j,I, 
p,o,t,G, 
y,b,j,S, 
y,b,j,T, 
h,c,p, , 
y,b,j,E, 
m,a,c,A, 
d,m,s,A, 
y,c,a,M, 
y,c,a,O, 
y,c,a,L, 
y,c,a,I, 
s,s,u,C, 
s,s,u,A, 
e,l,f,A, 
y,c,b,V, 
y,c,b,F, 
z,a,p,C, 
y,c,c,S, 
m,g,s,A, 
y,c,c,U, 
t,u,s,E, 
e,t,p, , 
g,f,c,A, 
t,o,r,S, 
r,u,t,G, 
r,u,t,F, 
r,u,t,B, 
g,h,r,A, 
y,c,d,Z, 
c,l,s,C, 
m,s,y,B, 
m,d,t,H, 
y,c,e,Q, 
y,c,e,F, 
p,l,s,X, 
y,c,f,P, 
y,c,f,Q, 
l,o,l,D, 
y,m,f,A, 
r,o,x,A, 
m,n,m,A, 
y,m,f,I, 
y,m,f,J, 
c,r,o,E, 
y,c,g,G, 
y,m,g,D, 
c,v,r,A, 
e,m,t,A, 
d,h,a,R, 
d,a,u,A, 
y,c,i,U, 
y,c,i,I, 
y,c,i,G, 
y,c,i,H, 
y,c,i,W, 
p,u,u,P, 
p,u,u,A, 
p,u,u,D, 
p,s,p,F, 
y,c,j,M, 
y,c,j,R, 
y,c,j,G, 
m,p,p,A, 
a,b,g,T, 
a,b,g,A, 
y,d,a,M, 
y,d,a,Q, 
k,i,l,R, 
s,i,e,B, 
y,d,a,G, 
s,t,f,R, 
u,s,p,F, 
y,d,b,L, 
f,e,a,B, 
y,d,b,D, 
y,n,b,A, 
c,y,b,B, 
y,d,c,I, 
y,d,c,H, 
y,d,c,O, 
y,d,c,P, 
y,d,c,X, 
m,c,b,R, 
a,n,s,P, 
y,d,d,H, 
a,d,h,P, 
m,a,e,A, 
b,d,m, , 
y,d,e,M, 
y,d,e,N, 
y,n,e,E, 
s,a,d, , 
m,a,r,R, 
m,a,r,A, 
e,a,m,A, 
y,d,f,O, 
g,n,s,B, 
y,n,f,N, 
e,s,s,Q, 
q,u,u,Q, 
y,d,f,B, 
y,n,f,C, 
y,n,f,D, 
d,m,s,D, 
c,l,c,B, 
y,n,f,K, 
a,s,r, , 
u,i,d,C, 
y,d,g,J, 
y,d,g,K, 
m,l,i,C, 
s,l,y,A, 
y,d,h,J, 
y,d,h,L, 
s,u,f,B, 
y,d,i,L, 
y,d,i,O, 
v,e,s, , 
y,d,j,X, 
y,d,j,Y, 
y,n,j,B, 
y,n,j,E, 
y,n,j,F, 
y,n,j,I, 
p,n,c,A, 
y,d,j,H, 
y,e,a,C, 
y,e,a,D, 
y,e,a,J, 
y,o,a,I, 
y,e,a,O, 
y,e,a,P, 
d,m,l,R, 
y,o,a,B, 
y,o,a,D, 
y,e,b,Q, 
y,e,b,T, 
r,s,m,F, 
y,e,b,V, 
y,e,b,W, 
p,p,h,A, 
m,e,p,M, 
z,n,u,A, 
y,e,b,B, 
y,e,c,D, 
y,e,c,N, 
t,o,r,Z, 
c,u,t,C, 
y,e,c,M, 
y,e,c,T, 
u,v,r,C, 
d,c,y,D, 
f,l,i,Z, 
f,l,i,H, 
f,l,i,O, 
y,o,d,D, 
y,e,d,Q, 
y,e,d,R, 
y,e,d,W, 
y,o,d,B, 
m,t,f,A, 
y,e,e,R, 
p,l,a,P, 
y,e,e,Y, 
y,e,f,M, 
h,i,s,B, 
h,i,s,A, 
w,z,z,B, 
w,c,a,H, 
w,z,c, , 
y,e,g,H, 
u,d,k, , 
y,e,g,D, 
m,d,t,A, 
y,e,g,P, 
y,e,g,R, 
g,a,t,Y, 
f,b,a,B, 
y,e,g,X, 
r,c,n,B, 
m,r,p, , 
y,e,h,L, 
y,e,h,R, 
y,e,h,T, 
y,o,h,C, 
y,o,h,D, 
p,r,e,A, 
y,e,i,P, 
l,p,x,T, 
y,e,j,A, 
c,c,m,A, 
n,a,p,B, 
y,f,a,T, 
y,f,a,A, 
r,h,m,T, 
y,f,a,Z, 
a,r,n,F, 
p,m,r,D, 
m,e,n,F, 
r,b,n, , 
y,f,b,L, 
y,f,b,T, 
y,f,b,U, 
y,f,c,C, 
d,e,d,D, 
m,n,m,C, 
p,r,m,B, 
y,f,c,O, 
y,f,c,Z, 
y,f,d,R, 
l,p,x,P, 
i,n,s,L,1
y,f,e,A, 
y,f,e,C, 
c,y,s,W, 
u,c,p,A, 
y,f,e,W, 
y,f,e,X, 
y,f,e,Z, 
y,p,e,A, 
e,u,t,K, 
e,u,t,B, 
e,u,t,G, 
e,u,t,M, 
e,u,t,S, 
y,p,f,H, 
b,a,m,C, 
g,c,v,R, 
h,y,f,A, 
h,y,f,C, 
h,y,f,J, 
h,y,f,R, 
u,p,p, , 
y,f,g,J, 
d,e,r, , 
s,s,e,A, 
s,s,e,B, 
p,e,p,B, 
c,s,i,E, 
y,p,h,C, 
y,p,h,H, 
g,l,r,K, 
p,g,p,C, 
y,f,h,H, 
t,r,m,N, 
y,f,i,E, 
y,f,i,P, 
p,s,s,A, 
y,f,i,L, 
r,i,m,M, 
b,a,m,E, 
r,a,t,B, 
r,n,l,B, 
y,p,j,K, 
y,f,j,S, 
y,p,j,A, 
c,s,i,D, 
l,h,g,O, 
c,s,i,R, 
s,r,l,Q, 
n,o,r,R, 
y,g,b,F, 
c,a,s,D, 
y,g,c,N, 
y,g,c,O, 
y,g,c,Q, 
y,g,c,R, 
y,g,c,S, 
y,g,c,W, 
y,g,c,G, 
y,g,d,I, 
a,m,i,C, 
y,g,d,B, 
y,q,e,F, 
y,q,e,H, 
y,q,e,J, 
y,q,e,K, 
y,g,e,R, 
h,y,u,A, 
y,q,e,C, 
s,s,n,A, 
x,a,n,Q, 
y,g,f,S, 
y,g,f,T, 
u,a,c,T, 
y,g,f,B, 
s,c,p,B, 
y,g,f,I, 
l,o,i,P, 
r,s,m,E, 
y,q,g,E, 
y,g,g,R, 
y,g,g,U, 
y,g,g,L, 
m,l,t,C, 
n,u,p,G, 
s,p,e,C, 
p,p,p,A, 
y,g,h,U, 
y,q,h,C, 
d,k,g,A, 
t,o,l,C, 
y,q,i,C, 
y,q,i,H, 
f,o,l,B, 
r,l,m,G, 
y,g,j,P, 
e,x,u,R, 
y,q,j,C, 
y,q,j,F, 
y,h,a,L, 
t,d,c,F, 
y,h,a,B, 
a,g,a,V, 
y,r,a,R, 
y,h,b,O, 
y,h,b,V, 
d,e,a,D, 
y,h,b,X, 
f,o,l,P, 
g,r,e,A, 
i,b,a,G, 
m,l,a,B, 
e,l,b,B, 
n,a,n,K, 
n,a,n,T, 
y,h,c,B, 
y,h,c,N, 
a,a,e,X, 
r,n,g, , 
m,r,e,B, 
p,a,n,F, 
y,h,d,J, 
y,h,d,Y, 
y,r,d,A, 
g,s,p,D, 
g,s,p,I, 
g,s,p,L, 
g,s,p,M, 
y,h,e,O, 
y,h,f,K, 
n,i,r,C, 
f,r,l,A, 
y,h,f,U, 
y,h,f,Y, 
a,r,o,K, 
h,o,f,P, 
h,o,f,M, 
y,r,f,G, 
h,s,l,O, 
g,r,e,B, 
y,h,g,F, 
g,n,t,X, 
g,n,t,K, 
u,g,p,C, 
l,i,v,F, 
d,c,r,B, 
y,h,h,S, 
y,h,h,T, 
y,h,h,H, 
a,r,s,B, 
s,l,p, , 
y,h,j,H, 
k,d,g,K, 
b,c,s,A, 
b,c,s,F, 
e,p,t,B, 
y,h,j,Y, 
g,h,r,B, 
y,i,a,F, 
y,i,a,A, 
y,i,a,B, 
s,g,b,U, 
a,l,d,B, 
y,i,b,Q, 
y,i,b,B, 
d,f,p, , 
s,l,m,A, 
d,i,n,D, 
y,i,c,G, 
l,i,g,B, 
y,i,c,J, 
y,i,c,N, 
y,i,c,O, 
u,h,p,C, 
u,h,p,B, 
e,m,r,D, 
y,i,d,E, 
i,b,p,B, 
y,i,d,Q, 
c,b,r,A, 
d,g,o,T, 
y,i,d,B, 
t,n,a,A, 
a,t,p,I, 
r,a,v,A, 
r,b,s,D, 
w,z,z,E, 
d,a,p,F, 
y,i,g,G, 
y,i,g,I, 
t,a,t,A, 
y,i,g,Z, 
y,i,h,F, 
h,e,m,N, 
y,i,h,S, 
y,i,h,V, 
y,i,h,W, 
y,i,h,X, 
y,i,i,F, 
f,r,v,B, 
k,d,g,T, 
y,i,i,M, 
y,i,j,E, 
g,l,d,A, 
s,t,h,A, 
m,u,r,I, 
t,h,i,F, 
n,f,i, , 
z,r,a,P, 
i,c,l,R, 
y,j,b,F, 
u,b,i,C, 
p,l,s,B, 
z,u,r, , 
p,s,p,G, 
y,j,c,B, 
n,r,f,B, 
m,d,t,O, 
y,j,c,S, 
a,l,s,R, 
y,j,c,Z, 
e,p,t,A, 
y,j,d,C, 
a,s,p,A, 
f,x,s,A, 
y,j,e,I, 
s,u,g,E, 
e,p,m,A, 
y,j,e,M, 
r,s,g,A, 
o,r,n, , 
r,n,r, , 
y,j,f,N, 
b,s,m,A, 
u,l,a,G, 
u,l,a,A, 
f,k,l,B, 
y,t,f,H, 
y,t,f,K, 
c,h,p,S, 
y,j,f,F, 
r,i,d,A, 
b,d,c,R, 
t,a,b,A, 
y,j,g,L, 
l,p,t,G, 
a,h,r, , 
y,j,h,B, 
y,j,h,C, 
y,j,h,U, 
y,j,h,H, 
s,g,c,X, 
n,a,n,M, 
n,a,n,C, 
f,i,m,I, 
i,r,a,D, 
y,j,i,H, 
k,p,t,A, 
y,j,i,L, 
y,j,i,M, 
m,c,r,B, 
y,j,i,A, 
y,j,i,Y, 
o,p,g,B, 
y,j,j,A, 
y,j,j,P, 
y,j,j,V, 
n,a,d,R, 
s,l,t, , 
y,j,j,X, 
y,m,d,F, 
y,d,a,F, 
h,i,c,A, 
y,e,c,J, 
y,k,f,H, 
y,l,c,G, 
r,z,o,D, 
y,b,d,Z, 
y,b,d,D, 
k,d,p,F, 
c,y,d,X, 
i,n,s,A, 
g,n,s,A, 
y,m,g,F, 
y,d,a,E, 
r,z,o,R, 
y,d,b,J, 
y,n,f,O, 
y,o,b,H, 
y,o,e,B, 
y,o,h,O, 
y,e,i,W, 
a,r,n,E, 
t,o,r,I, 
y,p,e,B, 
y,p,f,N, 
y,p,j,J, 
a,r,f,A, 
y,h,e,V, 
y,s,a,B, 
y,i,b,T, 
y,i,c,S, 
y,i,d,D, 
y,i,f,L, 
y,j,d,O, 
s,g,c,B, 
y,j,j,Z, 
y,e,h,K, 
y,k,g,O, 
y,j,h,X, 
